{
  "timestamp": "2026-05-20 22:37:14 UTC",
  "current_price": 76952.2148594993,
  "ath": 126079.88702928118,
  "technical_indicators": {
    "rsi_14": 59.977633745521906,
    "macd": -22.658983644170803,
    "macd_signal": -1773.93091771532,
    "ma_20": 73402.03497729255,
    "ma_50": 81162.19852339338,
    "ma_200": NaN
  },
  "key_levels": {
    "resistance": [
      100000.0,
      96054.40203244795,
      94333.50009652879
    ],
    "support": [
      65177.653637800446,
      65691.86058696662,
      70000.0
    ]
  },
  "performance": {
    "30d": -13.965460771035554,
    "90d": -29.445948891097185
  },
  "risk_metrics": {
    "max_drawdown": 48.24417930026395,
    "sharpe_ratio": -1.4058116180963793,
    "volatility_30d": 78.82313073450919
  },
  "correlations_30d": {
    "spx": 0.4336677647869845,
    "qqq": 0.5353477410811679,
    "gold": 0.19146412071032184
  }
}