{
  "analysis_date": "2026-05-20 22:42:39 UTC",
  "current_price": 77459.82621158756,
  "indicators": {
    "MA20": 79555.81694515963,
    "MA50": 76045.22088688897,
    "MA200": 81343.87576271618,
    "RSI": 35.89800835694338,
    "MACD": 295.51166745678347
  },
  "levels": {
    "resistance": [
      79321.15968354288,
      82496.20820745183
    ],
    "support": [
      76201.13499806737,
      65604.15370696093,
      62905.750100773046
    ]
  }
}