{
  "current_price": 431.1,
  "predicted_price": 405.97650146484375,
  "price_change_pct": -5.827765839748613,
  "direction": "ВВЕРХ ↑",
  "direction_confidence": 97.93614745140076,
  "forecast_horizon_days": 20,
  "models_performance": {
    "xgboost_regression": {
      "mae": 39.35598916190012,
      "rmse": 45.903754537456386,
      "r2": -2.961259558791928
    },
    "lstm": {
      "mae": 172.16845438639325,
      "rmse": 172.35310883988078,
      "r2": -465.9410412113617
    },
    "hybrid": {
      "mae": 17.329179026285807,
      "rmse": 19.0953995522768,
      "r2": -4.731671668785076
    },
    "xgboost_classification": {
      "accuracy": 0.42857142857142855,
      "precision": 0.4647887323943662,
      "recall": 0.7674418604651163,
      "f1": 0.5789473684210527,
      "auc": 0.37436188315371527
    }
  },
  "top_correlations": {
    "silver": 0.7888383267054057,
    "copper": 0.5370397069244829,
    "oil": -0.3370877660735579,
    "dollar": 0.10217646910126998,
    "bonds": 0.03763956402447637
  }
}