,DXY,GBPUSD,USDJPY,USDCHF,AUDUSD,XAUUSD,WTI,SPX,DAX,VIX
Lag_0,-0.14624292828840124,0.8018693094086305,-0.5950940380918575,-0.7926640508091387,0.6242271902114261,0.07482077611277925,-0.1189716867292412,-0.012727709341062375,0.011396560764700813,0.03462219559661144
Lag_1,-0.795697324766063,-0.04300696123598175,0.1090224359358401,0.007628786518100154,0.051160426586640634,0.2687599357928738,-0.12254274117586032,0.01852484227683644,0.11087915128076928,-0.03324366734262588
Lag_2,-0.011483348137305388,-0.009427315274209229,-0.05667747446881416,0.03175528536483185,-0.08533419964859813,0.009674539130581193,-0.05563403064296655,0.12056761980239294,-0.05379418164680756,-0.0467137466334037
Lag_3,0.04545715812039185,-0.04232177940900734,0.04061261644875157,0.07234130390226204,-0.0220555469372685,0.03415124224360037,0.03823063998045645,0.021957239361867765,0.06193098060303255,0.023061933882621424
Lag_4,0.0046518926855966215,-0.04046883796132511,0.01241632118473015,-0.006742056905369339,-0.1052460276825521,-0.03536751771775565,-0.0022783607349677725,-0.0035736201237078586,-0.0032711045101549204,-0.0461480459354223
Lag_5,0.017613755724660195,0.013152963719691619,0.00015571133978757977,-0.02774069524052943,0.023296843473615145,0.04710963103883794,-0.08131197955252702,-0.10241710345017555,-0.08263846325820297,0.0574354679968802
