,DXY_Return,GBPUSD_Return,USDJPY_Return,USDCHF_Return,AUDUSD_Return,XAUUSD_Return,WTI_Return,SPX_Return,DAX_Return,VIX_Return
2024-Q%q,-0.038809598570828475,0.8542725051291231,-0.5619732342057617,-0.6015713410963324,0.8588596443332438,-0.07401622741556445,-0.2444863019782442,0.1551200922970199,-0.08306579390333373,-0.2675679426044167
2024-Q%q,0.06132126366938333,0.7312139682100075,-0.48223171947496646,-0.6075102928520999,0.5993657848090618,-0.13187853816199224,0.009019328453028382,-0.16586181327754362,-0.13919933668801387,0.27327038495284595
2024-Q%q,-0.008318816252377988,0.7208330401631342,-0.4787693848216209,-0.7770174690473667,0.6859789131134957,-0.037223721917821556,-0.11299304890629568,0.08748128641253085,-0.1954045779942074,0.020468548051991976
2025-Q%q,-0.5251228222572448,0.8538928845084789,-0.27878889448637334,-0.6995607668631728,0.7423272702439376,0.01983552356765967,-0.3932855018626699,-0.15727539804981,0.29379396462690266,0.10462932120108899
2025-Q%q,-0.08763602935563265,0.7949471536402971,-0.8225838134004413,-0.8708259041762066,0.43831846391405427,0.02720882508801149,-0.020049228714094137,-0.03359573157529345,-0.23009662887936227,0.07957005834551274
2025-Q%q,0.04966907544092906,0.7905178522343014,-0.7783617447042365,-0.9116457897890957,0.7483064938228927,0.05693678137256607,-0.002448307784053843,0.0682017900150661,0.08507293762717144,-0.13947849832697318
2025-Q%q,-0.23922437253239706,0.7547524532225232,-0.609252350509192,-0.8847249470018554,0.3125353239834267,0.06389583799596485,0.031593959063548484,0.229809886324244,0.024133318937568156,-0.2117601966656463
2026-Q%q,-0.08061897066576112,0.8651895254217941,-0.6879510290969499,-0.8565875205164621,0.7143253975900682,0.25380773614929,-0.08236594881168265,-0.10541762556714813,0.03429859719392522,0.09592196828820258
2026-Q%q,-0.1433453888209929,0.8978275779947371,-0.6089631761152512,-0.8265463905545261,0.8998082170354273,0.27268882956106605,-0.3532387696486314,0.24726654955046154,0.3927282209479125,-0.2817210246272367
